id_cliente,nome,email
1,Ana Silva,ana.silva@email.com
2,Bruno Costa,bruno.costa@email.com
3,Carla Oliveira,carla.oliveira@email.com
4,Daniel Pereira,daniel.pereira@email.com
5,Eva Souza,eva.souza@email.com
6,Fabio Almeida,fabio.almeida@email.com
7,Gabriela Lima,gabriela.lima@email.com
8,Hugo Santos,hugo.santos@email.com
9,Isabela Rocha,isabela.rocha@email.com
10,Joao Mendes,joao.mendes@email.com
11,Juliana Pires,juliana.pires@email.com
12,Lucas Fernandes,lucas.fernandes@email.com
13,Mariana Gomes,mariana.gomes@email.com
14,Nicolas Ribeiro,nicolas.ribeiro@email.com
15,Olivia Martins,olivia.martins@email.com
16,Pedro Rodrigues,pedro.rodrigues@email.com
17,Quiteria Barbosa,quiteria.barbosa@email.com
18,Rafael Azevedo,rafael.azevedo@email.com
19,Sofia Carvalho,sofia.carvalho@email.com
20,Tiago Ferreira,tiago.ferreira@email.com
21,Ursula Dias,ursula.dias@email.com
22,Vinicius Nunes,vinicius.nunes@email.com
23,Wanessa Lopes,wanessa.lopes@email.com
24,Xavier Cruz,xavier.cruz@email.com
25,Yara Costa,yara.costa@email.com
26,Zelia Ribeiro,zelia.ribeiro@email.com
27,Arthur Gomes,arthur.gomes@email.com
28,Beatriz Santos,beatriz.santos@email.com
29,Caio Mendes,caio.mendes@email.com
30,Daniela Ferreira,daniela.ferreira@email.com
31,Eduardo Pires,eduardo.pires@email.com
32,Fernanda Dias,fernanda.dias@email.com
33,Gustavo Lima,gustavo.lima@email.com
34,Helena Rocha,helena.rocha@email.com
35,Igor Pires,igor.pires@email.com
36,Jessica Santos,jessica.santos@email.com
37,Kauan Almeida,kauan.almeida@email.com
38,Larissa Mendes,larissa.mendes@email.com
39,Matheus Oliveira,matheus.oliveira@email.com
40,Natalia Pereira,natalia.pereira@email.com
41,Otavio Souza,otavio.souza@email.com
42,Paula Silva,paula.silva@email.com
43,Rafaela Costa,rafaela.costa@email.com
44,Ricardo Oliveira,ricardo.oliveira@email.com
45,Sabrina Gomes,sabrina.gomes@email.com
46,Tadeu Lima,tadeu.lima@email.com
47,Tatiana Rodrigues,tatiana.rodrigues@email.com
48,Ulisses Barbosa,ulisses.barbosa@email.com
49,Valentina Cruz,valentina.cruz@email.com
50,Walter Pires,walter.pires@email.com
51,Xenia Rocha,xenia.rocha@email.com
52,Yago Santos,yago.santos@email.com
53,Zeca Almeida,zeca.almeida@email.com
54,Amanda Dias,amanda.dias@email.com
55,Bernardo Ferreira,bernardo.ferreira@email.com
56,Carolina Gomes,carolina.gomes@email.com
57,Diego Lima,diego.lima@email.com
58,Elisa Oliveira,elisa.oliveira@email.com
59,Felipe Pires,felipe.pires@email.com
60,Giovanna Santos,giovanna.santos@email.com
61,Henrique Almeida,henrique.almeida@email.com
62,Iara Mendes,iara.mendes@email.com
63,Joaquim Oliveira,joaquim.oliveira@email.com
64,Karen Pereira,karen.pereira@email.com
65,Leonardo Souza,leonardo.souza@email.com
66,Livia Silva,livia.silva@email.com
67,Marcelo Costa,marcelo.costa@email.com
68,Monica Oliveira,monica.oliveira@email.com
69,Nelson Gomes,nelson.gomes@email.com
70,Patricia Lima,patricia.lima@email.com
71,Quintino Rodrigues,quintino.rodrigues@email.com
72,Renata Barbosa,renata.barbosa@email.com
73,Sergio Cruz,sergio.cruz@email.com
74,Teresa Santos,teresa.santos@email.com
75,Ubaldo Pires,ubaldo.pires@email.com
76,Vania Rocha,vania.rocha@email.com
77,Washington Almeida,washington.almeida@email.com
78,Ximenes Dias,ximenes.dias@email.com
79,Yasmin Ferreira,yasmin.ferreira@email.com
80,Zuleica Gomes,zuleica.gomes@email.com
81,Adao Lima,adao.lima@email.com
82,Bianca Oliveira,bianca.oliveira@email.com
83,Carlos Pereira,carlos.pereira@email.com
84,Debora Souza,debora.souza@email.com
85,Elias Silva,elias.silva@email.com
86,Fatima Costa,fatima.costa@email.com
87,Gilberto Oliveira,gilberto.oliveira@email.com
88,Helena Mendes,helena.mendes@email.com
89,Ivan Pires,ivan.pires@email.com
90,Juliana Rocha,juliana.rocha@email.com
91,Kelvin Santos,kelvin.santos@email.com
92,Leticia Almeida,leticia.almeida@email.com
93,Marcia Ferreira,marcia.ferreira@email.com
94,Norberto Gomes,norberto.gomes@email.com
95,Oscar Lima,oscar.lima@email.com
96,Priscila Oliveira,priscila.oliveira@email.com
97,Roberto Pires,roberto.pires@email.com
98,Silvia Dias,silvia.dias@email.com
99,Tales Ferreira,tales.ferreira@email.com
100,Ulisses Gomes,ulisses.gomes@email.com
101,Viviane Lima,viviane.lima@email.com
102,Wagner Oliveira,wagner.oliveira@email.com
103,Xavier Silva,xavier.silva@email.com
104,Yasmin Costa,yasmin.costa@email.com
105,Zacarias Mendes,zacarias.mendes@email.com
106,Aline Oliveira,aline.oliveira@email.com
107,Bruno Pereira,bruno.pereira@email.com
108,Cintia Souza,cintia.souza@email.com
109,Danilo Silva,danilo.silva@email.com
110,Elaine Costa,elaine.costa@email.com
111,Fabricio Oliveira,fabricio.oliveira@email.com
112,Gisele Gomes,gisele.gomes@email.com
113,Heitor Lima,heitor.lima@email.com
114,Ieda Pires,ieda.pires@email.com
115,Jonas Rocha,jonas.rocha@email.com
116,Katya Santos,katya.santos@email.com
117,Luis Almeida,luis.almeida@email.com
118,Monica Ferreira,monica.ferreira@email.com
119,Nathan Gomes,nathan.gomes@email.com
120,Olga Lima,olga.lima@email.com
121,Paulo Oliveira,paulo.oliveira@email.com
122,Quirino Pereira,quirino.pereira@email.com
123,Rita Souza,rita.souza@email.com
124,Sidney Silva,sidney.silva@email.com
125,Tatiana Costa,tatiana.costa@email.com
126,Ubirajara Oliveira,ubirajara.oliveira@email.com
127,Veronica Gomes,veronica.gomes@email.com
128,Wilson Lima,wilson.lima@email.com
129,Xuxa Pires,xuxa.pires@email.com
130,Yuri Rocha,yuri.rocha@email.com
131,Zilda Santos,zilda.santos@email.com
132,Agnes Almeida,agnes.almeida@email.com
133,Bernardo Ferreira,bernardo.ferreira@email.com
134,Carolina Gomes,carolina.gomes@email.com
135,Denis Lima,denis.lima@email.com
136,Elaine Oliveira,elaine.oliveira@email.com
137,Fernando Pires,fernando.pires@email.com
138,Georgia Santos,georgia.santos@email.com
139,Helio Almeida,helio.almeida@email.com
140,Iara Ferreira,iara.ferreira@email.com
141,Jorge Gomes,jorge.gomes@email.com
142,Karla Lima,karla.lima@email.com
143,Lucas Oliveira,lucas.oliveira@email.com
144,Marta Pereira,marta.pereira@email.com
145,Nadia Souza,nadia.souza@email.com
146,Osvaldo Silva,osvaldo.silva@email.com
147,Paula Costa,paula.costa@email.com
148,Quintino Oliveira,quintino.oliveira@email.com
149,Raul Gomes,raul.gomes@email.com
150,Simone Lima,simone.lima@email.com
151,Thiago Pires,thiago.pires@email.com
152,Ursa Rocha,ursa.rocha@email.com
153,Victor Santos,victor.santos@email.com
154,Waleska Almeida,waleska.almeida@email.com
155,Xavier Ferreira,xavier.ferreira@email.com
156,Yara Gomes,yara.gomes@email.com
157,Zelia Lima,zelia.lima@email.com
158,Amanda Oliveira,amanda.oliveira@email.com
159,Bruno Pereira,bruno.pereira@email.com
160,Cintia Souza,cintia.souza@email.com
161,Danilo Silva,danilo.silva@email.com
162,Elaine Costa,elaine.costa@email.com
163,Fabricio Oliveira,fabricio.oliveira@email.com
164,Gisele Gomes,gisele.gomes@email.com
165,Heitor Lima,heitor.lima@email.com
166,Ieda Pires,ieda.pires@email.com
167,Jonas Rocha,jonas.rocha@email.com
168,Katya Santos,katya.santos@email.com
169,Luis Almeida,luis.almeida@email.com
170,Monica Ferreira,monica.ferreira@email.com
171,Nathan Gomes,nathan.gomes@email.com
172,Olga Lima,olga.lima@email.com
173,Paulo Oliveira,paulo.oliveira@email.com
174,Quirino Pereira,quirino.pereira@email.com
175,Rita Souza,rita.souza@email.com
176,Sidney Silva,sidney.silva@email.com
177,Tatiana Costa,tatiana.costa@email.com
178,Ubirajara Oliveira,ubirajara.oliveira@email.com
179,Veronica Gomes,veronica.gomes@email.com
180,Wilson Lima,wilson.lima@email.com
181,Xuxa Pires,xuxa.pires@email.com
182,Yuri Rocha,yuri.rocha@email.com
183,Zilda Santos,zilda.santos@email.com
184,Agnes Almeida,agnes.almeida@email.com
185,Bernardo Ferreira,bernardo.ferreira@email.com
186,Carolina Gomes,carolina.gomes@email.com
187,Denis Lima,denis.lima@email.com
188,Elaine Oliveira,elaine.oliveira@email.com
189,Fernando Pires,fernando.pires@email.com
190,Georgia Santos,georgia.santos@email.com
191,Helio Almeida,helio.almeida@email.com
192,Iara Ferreira,iara.ferreira@email.com
193,Jorge Gomes,jorge.gomes@email.com
194,Karla Lima,karla.lima@email.com
195,Lucas Oliveira,lucas.oliveira@email.com
196,Marta Pereira,marta.pereira@email.com
197,Nadia Souza,nadia.souza@email.com
198,Osvaldo Silva,osvaldo.silva@email.com
199,Paula Costa,paula.costa@email.com
200,Quintino Oliveira,quintino.oliveira@email.com